Workbook

Sheet SarMut
A1: SASARAN MUTU 2023
A2: Departemen : HR & GA | H2: FRM-MR-017 Rev : 00
A3: Periode : 2023
A5: NO | B5: Sasaran Mutu | C5: Target | D5: Frekuensi | E5: Records | G5: Action Plan | H5: PIC
D6: Pemantauan
A7: 1 | B7: Melakukan Corporate Social Responsibility (CSR) | C7: 1 / four month | D7: Monthly | E7: Dokumentasi dan Report | F7: 1 | G7: Menentukan tempat CSR | H7: HR
F8: 2 | G8: Mengajukan proposal
F9: 3 | G9: Implementasi
F10: 4 | G10: Evaluasi
A11: 2 | B11: Peningkatan Kompetensi/Skill Karyawan | C11: 3,3 hours/ employee / month | D11: Monthly | E11: MDTP, MHTP, MDTR, MHTR, Daftar Hadir | F11: 1 | G11: Berkoordinasi dengan semua department | H11: HR Training
F12: 2 | G12: Membuat Training Plan bulanan
F13: 3 | G13: Memonitoring data training plan setiap bulannya
F14: 4 | G14: Memantau training dari setiap departemen
F15: 5 | G15: Mengingatkan departemen lain untuk pelaksanaan training setiap bulannya
F16: 6 | G16: Membuat Training Report
A17: 3 | B17: CHSE | C17: 1 | D17: Monthly | E17: Dokumentasi dan Report | F17: 1 | G17: Pengajuan permohonan | H17: HR & GA
F18: 2 | G18: Berkoordinasi dengan semua department
F19: 3 | G19: Implementasi
F20: 4 | G20: Evaluasi

Sheet Jan
A1: SASARAN MUTU
A3: MONITORING SASARAN MUTU JANUARI 2024
A4: No | B4: Keterangan | D4: Sasaran | E4: Target | F4: Tercapai / Tidak Tercapai | G4: Penyebab | H4: Action
D5: Mutu
A6: 1 | B6: Melakukan Corporate Social Responsibility (CSR) | D6: Melakukan Corporate Social Responsibility (CSR) | E6: 1/ four month | F6: Tidak Tercapai | G6: - | H6: -
B7: Terlaksana :
B8: Event:
A12: 2 | B12: Total training Januari 2024 : | C12: 8 | D12: Peningkatan Kemampuan (skill) karyawan di setiap department | E12: 3,3 hours/ employee | F12: Tidak Tercapai | G12: Setiap Departemen belum menjalankan Training Plan | H12: Tiap Departemen lebih ditekankan mengenai pelaksanaan training internal departemen sesuai plan 2024 yang telah dibuat.
B13: Total Jam Training : | C13: 95
B14: Jumlah karyawan : | C14: 131
B15: Rata-rata jam training perkaryawan : | C15: 0.73
A19: 3 | B19: CHSE | D19: Sertifikasi CHSE | E19: 1 | F19: Tercapai | G19: - | H19: -
A27: Magelang, 31 Januari 2024
A28: Prepared by, | D28: Acknowledge, | G28: Approved by,
D32: Ari Vidianto | G32: Sugeng Sugiantoro
A33: Human Resources Manager | D33: Management Representative | G33: General Manager

Sheet Feb
A1: SASARAN MUTU
A3: MONITORING SASARAN MUTU FEBRUARI 2024
A4: No | B4: Keterangan | D4: Sasaran | E4: Target | F4: Tercapai / Tidak Tercapai | G4: Penyebab | H4: Action
D5: Mutu
A6: 1 | B6: Melakukan Corporate Social Responsibility (CSR) | D6: Melakukan Corporate Social Responsibility (CSR) | E6: 1/ four month | F6: Tidak Tercapai | G6: - | H6: -
B7: Terlaksana :
B8: Event:
A12: 2 | B12: Total training Februari 2024 : | C12: 13 | D12: Peningkatan Kemampuan (skill) karyawan di setiap department | E12: 3,3 hours/ employee | F12: Tidak Tercapai | G12: Setiap Departemen belum menjalankan Training Plan | H12: Tiap Departemen lebih ditekankan mengenai pelaksanaan training internal departemen sesuai plan 2024 yang telah dibuat.
B13: Total Jam Training : | C13: 376.5
B14: Jumlah karyawan : | C14: 131
B15: Rata-rata jam training perkaryawan : | C15: 2.87
A19: 3 | B19: CHSE | D19: Sertifikasi CHSE | E19: 1 | F19: Tercapai
A27: Magelang, 28 Februari 2024
A28: Prepared by, | D28: Acknowledge, | G28: Approved by,
D32: Ari Vidianto | G32: Sugeng Sugiantoro
A33: Human Resources Manager | D33: Management Representative | G33: General Manager

Sheet Mar
A1: SASARAN MUTU
A3: MONITORING SASARAN MUTU MARET 2024
A4: No | B4: Keterangan | D4: Sasaran | E4: Target | F4: Tercapai / Tidak Tercapai | G4: Penyebab | H4: Action
D5: Mutu
A6: 1 | B6: Melakukan Corporate Social Responsibility (CSR) | D6: Melakukan Corporate Social Responsibility (CSR) | E6: 1/ four month | F6: Tidak Tercapai | G6: - | H6: -
B7: Terlaksana :
B8: Event:
A12: 2 | B12: Total training Maret 2024 : | C12: 0 | D12: Peningkatan Kemampuan (skill) karyawan di setiap department | E12: 3,3 hours/ employee | F12: Tidak Tercapai | G12: Setiap Departemen belum menjalankan Training Plan | H12: Tiap Departemen lebih ditekankan mengenai pelaksanaan training internal departemen sesuai plan 2024 yang telah dibuat.
B13: Total Jam Training : | C13: 0
B14: Jumlah karyawan : | C14: 131
B15: Rata-rata jam training perkaryawan : | C15: 0
A19: 3 | B19: CHSE | D19: Sertifikasi CHSE | E19: 1 | F19: Tercapai
A27: Magelang, 31 Maret 2024 | D27: Acknowledge | G27: Approved by
A28: Prepared by
D32: Ari Vidianto | G32: Sugeng Sugiantoro
A33: Human Resources Manager | D33: Management Representative | G33: General Manager

Sheet Apr
A1: SASARAN MUTU
A3: MONITORING SASARAN MUTU APRIL 2024
A4: No | B4: Keterangan | D4: Sasaran | E4: Target | F4: Tercapai / Tidak Tercapai | G4: Penyebab | H4: Action
D5: Mutu
A6: 1 | B6: Melakukan Corporate Social Responsibility (CSR) | D6: Melakukan Corporate Social Responsibility (CSR) | E6: 1/ four month | F6: Tidak Tercapai | G6: - | H6: -
B7: Terlaksana :
B8: Event:
A12: 2 | B12: Total training April 2024 : | C12: 6 | D12: Peningkatan Kemampuan (skill) karyawan di setiap department | E12: 3,3 hours/ employee | F12: Tidak Tercapai | G12: Setiap Departemen belum menjalankan Training Plan | H12: Tiap Departemen lebih ditekankan mengenai pelaksanaan training internal departemen sesuai plan 2024 yang telah dibuat.
B13: Total Jam Training : | C13: 101
B14: Jumlah karyawan : | C14: 135
B15: Rata-rata jam training perkaryawan : | C15: 0.74
A19: 3 | B19: CHSE | D19: Sertifikasi CHSE | E19: 1 | F19: Tercapai | G19: - | H19: -
A27: Magelang, 30 April 2024
A28: Prepared by, | D28: Acknowledge, | G28: Approved by,
D32: Ari Vidianto | G32: Sugeng Sugiantoro
A33: Human Resources Manager | D33: Management Representative | G33: General Manager

Sheet Mei
A1: SASARAN MUTU
A3: MONITORING SASARAN MUTU MEI 2024
A4: No | B4: Keterangan | D4: Sasaran | E4: Target | F4: Tercapai / Tidak Tercapai | G4: Penyebab | H4: Action
D5: Mutu
A6: 1 | B6: Melakukan Corporate Social Responsibility (CSR) | D6: Melakukan Corporate Social Responsibility (CSR) | E6: 1/ four month | F6: Tercapai | G6: - | H6: -
B7: Terlaksana :
B8: Event:
A12: 2 | B12: Total training Mei 2024 : | C12: 13 | D12: Peningkatan Kemampuan (skill) karyawan di setiap department | E12: 3,3 hours/ employee | F12: Tercapai
B13: Total Jam Training : | C13: 656
B14: Jumlah karyawan : | C14: 138
B15: Rata-rata jam training perkaryawan : | C15: 4.75
A19: 3 | B19: CHSE | D19: Sertifikasi CHSE | E19: 1 | F19: Tercapai | G19: - | H19: -
A27: Magelang, 31 Mei 2024
A28: Prepared by, | D28: Acknowledge, | G28: Approved by,
D32: Ari Vidianto | G32: Sugeng Sugiantoro
A33: Human Resources Manager | D33: Management Representative | G33: General Manager

Sheet Juni
A1: SASARAN MUTU
A3: MONITORING SASARAN MUTU JUNI 2024
A4: No | B4: Keterangan | D4: Sasaran | E4: Target | F4: Tercapai / Tidak Tercapai | G4: Penyebab | H4: Action
D5: Mutu
A6: 1 | B6: Melakukan Corporate Social Responsibility (CSR) | D6: Melakukan Corporate Social Responsibility (CSR) | E6: 1/ four month | F6: Tercapai | G6: - | H6: -
B7: Terlaksana : 1 Kegiatan
B8: Event:
B9: Hari Raya Kurban (17 Juni 2024)
A12: 2 | B12: Total training Juni 2024 : | C12: 25 | D12: Peningkatan Kemampuan (skill) karyawan di setiap department | E12: 3,3 hours/ employee | F12: Tercapai
B13: Total Jam Training : | C13: 917.5
B14: Jumlah karyawan : | C14: 139
B15: Rata-rata jam training perkaryawan : | C15: 6.6
A19: 3 | B19: CHSE | D19: Sertifikasi CHSE | E19: 1 | F19: Tercapai | G19: - | H19: -
A27: Magelang, 30 Juni 2024
A28: Prepared by, | D28: Acknowledge, | G28: Approved by,
D32: Ari Vidianto | G32: Sugeng Sugiantoro
A33: Human Resources Manager | D33: Management Representative | G33: General Manager

Sheet Juli
A1: SASARAN MUTU
A3: MONITORING SASARAN MUTU JULI 2024
A4: No | B4: Keterangan | D4: Sasaran | E4: Target | F4: Tercapai / Tidak Tercapai | G4: Penyebab | H4: Action
D5: Mutu
A6: 1 | B6: Melakukan Corporate Social Responsibility (CSR) | D6: Melakukan Corporate Social Responsibility (CSR) | E6: 1/ four month | F6: Tercapai | G6: - | H6: -
B7: Terlaksana :
B8: Event:
A12: 2 | B12: Total training Juli 2024 : | C12: 27 | D12: Peningkatan Kemampuan (skill) karyawan di setiap department | E12: 3,3 hours/ employee | F12: Tidak Tercapai | G12: Setiap Departemen belum menjalankan Training Plan | H12: Tiap Departemen lebih ditekankan mengenai pelaksanaan training internal departemen sesuai plan 2024 yang telah dibuat.
B13: Total Jam Training : | C13: 293
B14: Jumlah karyawan : | C14: 139
B15: Rata-rata jam training perkaryawan : | C15: 2.11
A19: 3 | B19: CHSE | D19: Sertifikasi CHSE | E19: 1 | F19: Tercapai | G19: - | H19: -
A27: Magelang, 31 Juli 2024
A28: Prepared by, | D28: Acknowledge, | G28: Approved by,
D32: Ari Vidianto | G32: Sugeng Sugiantoro
A33: Human Resources Manager | D33: Management Representative | G33: General Manager

Sheet Agus
A1: SASARAN MUTU
A3: MONITORING SASARAN MUTU AGUSTUS 2024
A4: No | B4: Keterangan | D4: Sasaran | E4: Target | F4: Tercapai / Tidak Tercapai | G4: Penyebab | H4: Action
D5: Mutu
A6: 1 | B6: Melakukan Corporate Social Responsibility (CSR) | D6: Melakukan Corporate Social Responsibility (CSR) | E6: 1/ four month | F6: Tercapai | G6: - | H6: -
B7: Terlaksana : 3 Kegiatan
B8: Event:
B9: Kebun Raya Gunung Tidar (9 Agustus 2024)
B10: Donor Darah (Ulang Tahun GAHC) (20 Agustus 2024)
B11: General Cleaning Standby Room & Gudang ENG (23 Agustus 2024)
A14: 2 | B14: Total training Agustus 2024 : | C14: 16 | D14: Peningkatan Kemampuan (skill) karyawan di setiap department | E14: 3,3 hours/ employee | F14: Tidak Tercapai | G14: Setiap Departemen belum menjalankan Training Plan | H14: Tiap Departemen lebih ditekankan mengenai pelaksanaan training internal departemen sesuai plan 2024 yang telah dibuat.
B15: Total Jam Training : | C15: 349
B16: Jumlah karyawan : | C16: 141
B17: Rata-rata jam training perkaryawan : | C17: 2.47
A21: 3 | B21: CHSE | D21: Sertifikasi CHSE | E21: 1 | F21: Tercapai | G21: - | H21: -
A29: Magelang, 31 Agustus 2024
A30: Prepared by, | D30: Acknowledge, | G30: Approved by,
D34: Ari Vidianto | G34: Sugeng Sugiantoro
A35: Human Resources Manager | D35: Management Representative | G35: General Manager

Sheet Sept
A1: SASARAN MUTU
A3: MONITORING SASARAN MUTU SEPTEMBER 2024
A4: No | B4: Keterangan | D4: Sasaran | E4: Target | F4: Tercapai / Tidak Tercapai | G4: Penyebab | H4: Action
D5: Mutu
A6: 1 | B6: Melakukan Corporate Social Responsibility (CSR) | D6: Melakukan Corporate Social Responsibility (CSR) | E6: 1/ four month | F6: Tercapai | G6: - | H6: -
B7: Terlaksana : 1 Kegiatan
B8: Event:
B9: General Cleaning Area 2A (6 September 2024)
A12: 2 | B12: Total training September 2024 : | C12: 23 | D12: Peningkatan Kemampuan (skill) karyawan di setiap department | E12: 3,3 hours/ employee | F12: Tercapai
B13: Total Jam Training : | C13: 614
B14: Jumlah karyawan : | C14: 139
B15: Rata-rata jam training perkaryawan : | C15: 4.41
A19: 3 | B19: CHSE | D19: Sertifikasi CHSE | E19: 1 | F19: Tercapai | G19: - | H19: -
A27: Magelang, 30 September 2024
A28: Prepared by, | D28: Acknowledge, | G28: Approved by,
D32: Ari Vidianto | G32: Sugeng Sugiantoro
A33: Human Resources Manager | D33: Management Representative | G33: General Manager

Sheet Okt
A1: SASARAN MUTU
A3: MONITORING SASARAN MUTU OKTOBER 2024
A4: No | B4: Keterangan | D4: Sasaran | E4: Target | F4: Tercapai / Tidak Tercapai | G4: Penyebab | H4: Action
D5: Mutu
A6: 1 | B6: Melakukan Corporate Social Responsibility (CSR) | D6: Melakukan Corporate Social Responsibility (CSR) | E6: 1/ four month | F6: Tercapai | G6: - | H6: -
B7: Terlaksana :
B8: Event:
A12: 2 | B12: Total training Oktober 2024 : | C12: 20 | D12: Peningkatan Kemampuan (skill) karyawan di setiap department | E12: 3,3 hours/ employee | F12: Tidak Tercapai | G12: Setiap Departemen belum menjalankan Training Plan | H12: Tiap Departemen lebih ditekankan mengenai pelaksanaan training internal departemen sesuai plan 2024 yang telah dibuat.
B13: Total Jam Training : | C13: 243
B14: Jumlah karyawan : | C14: 141
B15: Rata-rata jam training perkaryawan : | C15: 1.72
A19: 3 | B19: CHSE | D19: Sertifikasi CHSE | E19: 1 | F19: Tercapai | G19: - | H19: -
A27: Magelang, 31 Oktober 2024
A28: Prepared by, | D28: Acknowledge, | G28: Approved by,
D32: Ari Vidianto | G32: Sugeng Sugiantoro
A33: Human Resources Manager | D33: Management Representative | G33: General Manager

Sheet Nov
A1: SASARAN MUTU
A3: MONITORING SASARAN MUTU NOVEMBER 2024
A4: No | B4: Keterangan | D4: Sasaran | E4: Target | F4: Tercapai / Tidak Tercapai | G4: Penyebab | H4: Action
D5: Mutu
A6: 1 | B6: Melakukan Corporate Social Responsibility (CSR) | D6: Melakukan Corporate Social Responsibility (CSR) | E6: 1/ four month | F6: Tercapai | G6: - | H6: -
B7: Terlaksana :
B8: Event:
A12: 2 | B12: Total training November 2024 : | C12: 14 | D12: Peningkatan Kemampuan (skill) karyawan di setiap department | E12: 3,3 hours/ employee | F12: Tidak Tercapai | G12: Setiap Departemen belum menjalankan Training Plan | H12: Tiap Departemen lebih ditekankan mengenai pelaksanaan training internal departemen sesuai plan 2024 yang telah dibuat.
B13: Total Jam Training : | C13: 171
B14: Jumlah karyawan : | C14: 140
B15: Rata-rata jam training perkaryawan : | C15: 1.22
A19: 3 | B19: CHSE | D19: Sertifikasi CHSE | E19: 1 | F19: Tercapai | G19: - | H19: -
A27: Magelang, 30 November 2024
A28: Prepared by, | D28: Acknowledge, | G28: Approved by,
D32: Ari Vidianto | G32: Sugeng Sugiantoro
A33: Human Resources Manager | D33: Management Representative | G33: General Manager

Sheet Des
A1: SASARAN MUTU
A3: MONITORING SASARAN MUTU DESEMBER 2024
A4: No | B4: Keterangan | D4: Sasaran | E4: Target | F4: Tercapai / Tidak Tercapai | G4: Penyebab | H4: Action
D5: Mutu
A6: 1 | B6: Melakukan Corporate Social Responsibility (CSR) | D6: Melakukan Corporate Social Responsibility (CSR) | E6: 1/ four month | F6: Tercapai | G6: - | H6: -
B7: Terlaksana :
B8: Event:
A12: 2 | B12: Total training Desember 2024 : | C12: 3 | D12: Peningkatan Kemampuan (skill) karyawan di setiap department | E12: 3,3 hours/ employee | F12: Tidak Tercapai | G12: Setiap Departemen belum menjalankan Training Plan | H12: Tiap Departemen lebih ditekankan mengenai pelaksanaan training internal departemen sesuai plan 2024 yang telah dibuat.
B13: Total Jam Training : | C13: 64.5
B14: Jumlah karyawan : | C14: 144
B15: Rata-rata jam training perkaryawan : | C15: 0.44
A19: 3 | B19: CHSE | D19: Sertifikasi CHSE | E19: 1 | F19: Tercapai | G19: - | H19: -
A27: Magelang, 31 Desember 2024
A28: Prepared by, | D28: Acknowledge, | G28: Approved by,
D32: Ari Vidianto | G32: Sugeng Sugiantoro
A33: Human Resources Manager | D33: Management Representative | G33: General Manager

Sheet Sheet1
B1: JAN | C1: FEB | D1: MAR | E1: APR | F1: MEI | G1: JUN | H1: JUL | I1: AGUS | J1: SEP | K1: OKT | L1: NOV | M1: DES
A2: Pencapaian | B2: =Jan!C15 -> 0.73 | C2: =Feb!C15 -> 2.87 | D2: =Mar!C15 -> 0 | E2: =Apr!C15 -> 0.74 | F2: =Mei!C15 -> 4.75 | G2: =Juni!C15 -> 6.6 | H2: =Juli!C15 -> 2.11 | I2: =Agus!C17 -> 2.47 | J2: =Sept!C15 -> 4.41 | K2: =Okt!C15 -> 1.72 | L2: =Nov!C15 -> 1.22 | M2: =Des!C15 -> 0.44
A3: Target | B3: 3.3 | C3: 3.3 | D3: 3.3 | E3: 3.3 | F3: 3.3 | G3: 3.3 | H3: 3.3 | I3: 3.3 | J3: 3.3 | K3: 3.3 | L3: 3.3 | M3: 3.3

Sheet Sheet1 (2)
B1: JAN | C1: FEB | D1: MAR | E1: APR | F1: MEI | G1: JUN | H1: JUL | I1: AGUS | J1: SEP | K1: OKT | L1: NOV | M1: DES
A2: Pencapaian | B2: =Jan!C15 -> 0.73 | C2: =Feb!C15 -> 2.87 | D2: =Mar!C15 -> 0 | E2: =Apr!C15 -> 0.74 | F2: =Mei!C15 -> 4.75 | G2: =Juni!C15 -> 6.6 | H2: =Juli!C15 -> 2.11 | I2: =Agus!C17 -> 2.47 | J2: =Sept!C15 -> 4.41 | K2: =Okt!C15 -> 1.72 | L2: =Nov!C15 -> 1.22 | M2: =Des!C15 -> 0.44
A3: Target | B3: 3.3 | C3: 3.3 | D3: 3.3 | E3: 3.3 | F3: 3.3 | G3: 3.3 | H3: 3.3 | I3: 3.3 | J3: 3.3 | K3: 3.3 | L3: 3.3 | M3: 3.3
